stars,date,review
5.0,2025-06-09,"같은학년 아이들끼리 묶어서 너무 좋은 경험 했습니다.
즐겁게 경복궁을 알게되어 행복해했어요! 
힘드셨을 재민쌤께 감사의 인사를 드려요🫶🏻"
5.0,2025-06-04,선생님이 정말 활기차시고 굉장히 더운 날이었는데도 아이들이랑 사진도 찍어주시고 재밌게 수업하셔서 다음에도 재민쌤 수업 듣고싶다고 했어요~ 선생님 배정이 랜덤이다보니 아쉽지만 다음에조 뵐 수 있었으면 좋겠습니다 고생많으셨어요~ 티처투어가 있어서 너무 다행입니다
5.0,2025-06-04,"다현쌤 아이들이 최고였대요
설명도 잘해주시고 아이들에게 다정하게♡"
5.0,2025-06-02,하루를 아주 꽉채워 뜻깊은 하루였네요. 조카들 신청했는데 너무 너무 좋아했어요. 아이들에게 경복궁에 대해서 선생님의 수업과 함께 많은걸 알 수 있어서 뿌듯한 하루였어요! 다 끝나고 후기 사진도 보내주시고 감사합니다! 티처투어를 투어하는 친구들도 많더라고요. 저희도 또 다른 수업에서 뵙겠습니다!! 경복궁은 끝나고 민속박물관도 다녀오고 좋아요!!
1.0,2025-06-02,"아이 친구들과 같이 예약을 해서 경복궁에 다녀 왔는데,
그냥 둘러보는 것 보다 선생님과 함께 하니 더 많은 걸 배워왔고 엄마들은 편히 브런치를 하며 기다리기 좋았어요^^ 선생님이 친절하시고 아이들 사진도 찍어주시고 아이들 수업진행하면서 아이들의 태도나 성향도 글로 남겨주시고 정말 또 만나고 싶네요^^  아이들 키즈카페 데려가는데신 종종 신청해서 유익한 시간 보낼까 합니다!!"
5.0,2025-06-01,아이들에게 종말 뜻깊은 시간이였어요 :-) 기회를 만들어 다른 체험더 해보고 싶네요~ 최서진선생님 감사합니다🫶
5.0,2025-05-26,"10살, 8살 아이들과 다녀왔습니다. 주말 오전이라 사람들이 많았지만 선생님께서 하나하나 설명을 잘 해주시고~ 아이들도 잘 이끌어 주셔서 끝까지 재미있게 투어 했습니다. 저랑 신랑도 선생님 설명 덕분에 더 유익하게 관람할 수 있었습니다."
5.0,2025-05-26,문화재에 큰 관심이 없던 가족이 너무 재미있게 설명을 들었습니다~ 빠르게 시간이 흘렀습니다. 감사합니다
5.0,2025-05-25,"1, 3학년 남매를 동시 신청했는데  2학년 2명과 함께 4명으로 그룹수업 진행되었어요
그냥 경복궁만 보자하면 아이들은 재미가 없었을텐데
선생님과 함께 교재를 가지고 재밌게 수업 진행되니 또 가고싶어요, 선생님과 또 만날수 있어요? 얘기하며 두시간 동안 즐겁게 참여하고 왔네요
현직 교사 선생님의 열정적인 수업과 밝은 에너지도 좋았어요
투어시간 동안 저는 자유시간도 갖게 되었고 아이들도 재밌어했기에 보람찬 하루 였어요"
5.0,2025-05-18,"초등학생4명 7살1명. 단독팀으로 수업들었어요
아이들이 역사에 대한 관심과 필요성이 증가하면서
그냥 관광이 아닌 설명이 필요하겠다 생각하던차에 신청하게 되었어요.

일단, 처음 예약할때부터 너무 친절하게
응답해주는 모습에 신뢰감 상승^^

경복궁 근처에 도착하자 한복 입은 사람들 모습에
아이들이 본인들도 입고싶다고 하여 예상치못하게 한복대여하고ㅋㅋ수업에 참여하게 되었습니다.

여름만큼은 아니었지만 더운 날씨에 힘들기도했을텐데 2시간 내내 텐션 유지해준 재민선생님!!
그냥 지나칠수 있는 부분까지 상세히!  재미있게!  설명해주셨습니다^^

함께 간 엄마들이 입을모아 다음에도 같은 선생님께 수업신청하자며^^ 벌써 다음 계획을 구상중입니다~

경복궁 투어를 고민중이신분들은 주저하지않고 신청하시면 후회하지않으실겁니다!!♡"
5.0,2025-05-14,시큰둥하게 갔지만 재미있는 부분도 있었다며 선생님께 들은 내용을 종알종알 이야기해줬습니다. 재민선생님 또 만나서 다른 궁도 가보고 싶다고 했어요. 짧지않는 시간인데 즐겁게 투어 이끌어주셔서 감사합니다!!!
5.0,2025-05-12,"첫 티처투어 대 성공 ⭐️⭐️⭐️⭐️⭐️
초등 1학년이라 투어 시간이 너무 길지는 않을까?
완전 기우였습니다 😂 
보슬비가 내리는 운치있는 토요일,
예경샘과 멋지고 아름다운 경복궁 투어!
소수라서 더욱 좋고, 너무 공부(?)스럽지 않게
직접 눈으로 궁궐의 모양을 보고 유래를 들으며
아이가 정말 재미있었다고 얘기해주니
제가 다 뿌듯했어요! 
역사를 부모가 공부해서 눈으로 보여주며 
아이들을 데리고 다니면 제일 좋겠지만,
여건상 어려운 부모를 위해 티처투어는 
최고의 선택 같아요! 
근래에 역사에 관심이 많아진 아이를 위해
후회없는 투어였습니다☺️❤️"
5.0,2025-05-12,아이가 엄청 즐겁고 유익해했어요 :) 선생님 너무 친절하시고 다정하세요! 강추합니다
5.0,2025-05-12,"우선 어이들이 선생님이 최고 라고 하더라고요~~
선생님 차분하시면서 설명도 잘해주시고~~
너무 만족했어요~ 다음에도 선생님 지정해서 하고 싶어요"
5.0,2025-05-12,아이들이 정말좋아했어요^^
5.0,2025-05-06,티처투어 덕분에 아이들에게 좀 더 유익한 시간을 만들어 줄 수 있었습니다. 아이들도 재미있게 배울 수 있었다며 좋아했네요. 중간 중간 아이들 사진도 남겨 주시고! 경복궁 투어 참여했는데 다음에는 다른 곳에서도 참여해보고 싶다는 생각을 했답니다. 아이들에게 좋은 추억 만들어준 정다현 선생님 감사합니다.
5.0,2025-03-23,수줍음이 많은 아이라 처음엔 가기싫다고 해서 저도 살짝 걱정을 했었는데 선생님이 재밌게 설명도 잘해주시고 이끌어주셔서 프로그램 끝나고 왔을땐 너무 재밌었다고 좋은 추억생겼다고 하더라구요ㅎㅎ다음에 또 신청할게요~^^
5.0,2024-11-11,선생님도 너무 좋으셨고  오랫만에 찾은 경복궁은  변함이 없이  너무 좋았네요   즐거운 수업이였고 행복한 하루였습니다
5.0,2026-06-09,6월 봄 가을에만하는 야간 오픈이라 다냐왔고 가볼맘 함.
5.0,2026-06-08,"모둔 건축물이 웅장하고, 멋있습니다👍🏻
(외국인 친구가 왕이 앉는 자리보고 갑자기
저렇게 딱딱한 의자에 어떻게 오래 앉아있었을까 하네요ㅋㅋ)

한복입고 입장하면 무료이고, 빠르게 입장 가능했습니다❤️
외국인들이 한복입고 오는 코스인가봐요🎀
다양한 연령대의 외국인이 정말 많아요:) 
너무 덥지 않은날 방문하면 최고일것 같습니다😊"
5.0,2026-06-02,좋은 추억 남기고 갑니당 ㅎㅎㅎ
5.0,2026-05-13,사람많당
5.0,2026-04-02,경회루 옆길로 향원정까지 가는 길이 넘 좋음
5.0,2026-02-17,"경복궁은 몇 번을 가도 늘 새롭게 예쁜 곳인데, 이날은 특히 “한복 입은 사람들” 때문에 더 특별하게 느껴졌어요. 서울 한복판, 광화문을 지나 경복궁 안으로 들어서는 순간부터 분위기가 확 바뀌잖아요. 차 소리와 빌딩이 있던 도심이 뒤로 멀어지고, 넓게 펼쳐진 마당과 단정한 돌길, 그리고 단청의 색감이 눈에 들어오면서 마치 시간이 천천히 흐르는 느낌이 들어요. 그래서 경복궁은 단순히 “관광지”라기보다, 걷는 것만으로도 기분이 정리되는 공간 같아요.
이번 방문에서 제가 가장 많이 담고 싶었던 건 바로 외국인들이 한복을 입고 경복궁을 즐기는 풍경이었어요. 진짜 생각보다 한복을 입은 분들이 정말 많고, 그중에서도 외국인 관광객들이 한복을 엄청 예쁘게 소화하고 있더라고요. 그냥 대여해서 툭 입은 느낌이 아니라, 색 조합도 신경 쓰고 머리 장식이나 가방까지 맞춰서 진짜 화보처럼 걸어 다니는 모습이 많았어요. 네이비나 아이보리처럼 차분한 컬러는 돌담과 하늘 톤이랑 너무 잘 어울리고, 핑크·하늘색·라벤더 같은 파스텔 계열은 단청 아래에서 더 화사하게 살아나서 보는 것만으로도 눈이 즐거웠습니다. 경복궁이 한복 때문에 “움직이는 무대”처럼 느껴진다는 말이 딱 맞는 하루였어요.
사진 찍기에도 정말 좋았어요. 경복궁은 하늘을 크게 담으면 그날의 공기감까지 같이 남는 느낌이 드는데, 이날은 하늘에 구름이 부드럽게 퍼져 있어서 더 감성적으로 나오더라고요. 넓은 마당에서는 사람을 작게 두고 여백을 크게 주면 한복의 실루엣이 더 또렷해지고, 궁궐의 스케일도 확 살아나요. 특히 회랑(기둥이 길게 이어진 공간)은 원근감이 예술이라, 그냥 서 있기만 해도 사진이 “자동으로” 멋있어지는 곳이에요. 기둥과 단청이 반복되는 라인에 햇빛이 사선으로 들어오면, 인물 없는 풍경샷도 이미 완성본이고, 한복 입은 사람이 지나가면 영화 한 장면처럼 분위기가 확 달라집니다.
근정전 앞마당은 사람이 정말 많았는데도 이상하게 정신없다는 느낌보다는 “축제 같은 활기”가 더 크게 느껴졌어요. 여기저기서 한복 입은 사람들이 서로 사진을 찍어주고, 가족 단위로 웃고, 친구끼리 포즈를 맞추고… 그 풍경 자체가 경복궁을 더 살아있게 만들어 주는 것 같았어요. 특히 아이들이 한복 입고 뛰어다니는 장면은 정말 귀엽고 따뜻해서, 그 순간만큼은 경복궁이 ‘역사’라는 단어보다 ‘추억’으로 느껴졌습니다.
또 개인적으로 인상 깊었던 건, 문(아치) 아래에서 바깥을 바라보는 구도였어요. 안쪽에 서서 밖을 찍으면 문이 액자처럼 프레임이 되고, 천장 단청이 위에서 한 번 더 분위기를 잡아줘서 사진이 훨씬 고급스럽게 나오더라고요. 코트 같은 겨울 아우터를 입고 있어도 충분히 멋스럽고, 한복과 함께 찍으면 전통 분위기가 더 진하게 살아나요. 그리고 이날은 설 연휴 기간이라 무료관람 안내판도 보였는데, 이런 정보성 사진도 같이 남겨두면 나중에 여행 기록 정리할 때 정말 유용해요. “그날이 어떤 시즌이었는지”, “사람이 왜 많았는지” 같은 맥락이 한 장으로 정리되거든요.
전체적으로 경복궁은 건물 자체도 아름답지만, 그 공간을 채우는 사람들이 더해지면서 완성되는 곳이라는 생각이 들었어요. 특히 다양한 국적의 사람들이 한복을 입고 같은 공간에서 같은 방식으로 사진을 남기는 모습이, 경복궁을 더 따뜻하고 예쁘게 만들어 주더라고요. 전통이 ‘낯선 것’이 아니라, 누구나 즐길 수 있는 ‘경험’이 되는 순간을 보는 느낌이라 좋았어요. 다음엔 수문장 교대의식 시간까지 맞춰서, 더 풍성하게 구경하고 사진도 더 남겨보고 싶습니다. 경복궁은 진짜… 갈 때마다 다르게 예쁘고, 찍을 때마다 결과물이 만족스러운 서울 최고의 산책 코스였어요."
5.0,2025-12-13,대조선의 기개의 위엄을 느껴보실 수 있습니다.
5.0,2025-10-07,관악산을 보고 있는 해치..
5.0,2025-09-18,"야간개장 티켓팅 성공해준 짝꿍 덕에 다녀왔는데
항상 보던 낮이랑 또 다른 느낌이었어요 반대편에는 화려한 건물들이 보이고 대비되게 고요한 경복궁을 풀벌레 소리를 들으면서 감상하기 좋았습니다"
5.0,2025-07-08,야간개장 필 방문
5.0,2025-05-21,"볼수록 웅장한 경복궁🥹

낮에 와서도 몇 번 봤지만
야간개장에 보니까 더 아름다워여..💕"
5.0,2025-05-06,좋았당
5.0,2025-01-21,Cool
5.0,2024-11-15,"서울에서 제일 좋아하는 종로! 그 중에서도 왕실의 주요 궁궐인 경복궁. 11월 중순이지만 이상기후?로 유난히 날이 따뜻해서 외국인 관광객도 많고 평일임에도 사람들이 많더라구요. 높고 맑은 가을하늘과 흩날리는 낙엽들이 가을 정취를 물씬 풍깁니다. 사계절 어느 때 가도 아름답지만요. 

외국인 관광객들이 울타리쳐진 잔디밭을 막무가내로 들어가 사진찍고있는 걸 보면 마음이 참 아파요. 타국의 아름답고 뜻깊은 소중한 공간인만큼 충분한 배려와 관리가 필요하다는 생각이 듭니다. 간혹 쓰레기가 눈에 띄어 가지고 온 비닐봉지에 주우면서 다녔어요 … ㅋㅋㅋ"
5.0,2024-10-07,"쌀쌀해져서 한바퀴만 돌았는데  담요 갖고 다니세요^^
야간개장 보고왔습니다^^"
5.0,2024-10-05,궁궐을 이 가격에 볼 수 있다는 게 해외여행 때 입장료랑 비교할 때마다 놀람. 야간개장도 강추
5.0,2024-08-24,"다시가보고싶은 경복궁
더운 여름보단 시원한 봄가을에 다시가고싶어요"
5.0,2024-06-05,볼거리도 많고 다양한 체험과 행사를 볼 수 있었어요 사람들이 한복을 입고 경복궁을 다니는 모습들이 옛 세상을 떠올리게 하는 경험이었어요 좋았어요
4.0,2024-04-11,궁 좋다..
5.0,2024-03-19,"Gyeongbokgung is way bigger and more beautiful than I had originally thought. There's so many cool looking structures, the walkways were well kept, and the trees and other nature were awesome too! I definitely wanna come back next year :)"
5.0,2024-02-22,"너무 웅장하다.....
조선 총독부 부수길 잘한 것 같은 곳
다음에 또 오고 싶다"
5.0,2023-11-14,"another mandatory and must-visit place in Korea, if u wearing hanbok you can entry gyeongbok palace for free :)"
5.0,2023-10-13,"amazing place with an good show , this is a must have while visiting Seoul."
5.0,2023-09-25,"너무너무 좋아요ㅠㅠ
너무 예쁘고 아름다워요.....😍
야간개장도 입장료 3천원이에요!"
4.0,2023-09-25,"별빛야행 가격대는 좀 있으나 정말최고였음. 한번쯤은 꼭 다녀올만한곳. 음식도 매우좋고

23.9월 야간개장 왔음. 아주 볼거리가 많지 않으나 그래도 경회루와 근정전이 예쁘고 산책하기 좋음.
단 사람이 너무 많아 호젓한 분위기는 아님"
5.0,2023-09-17,"입장료 3,000원 / 65세이상 무료"
5.0,2023-09-04,"경복궁에 갓더니 눈물이 낫어… 전생에 난 뭐엿을까?
2023. 09. 01."
5.0,2023-08-11,"한국인이라면 외국인이라면 , 한국을 방문한 인간이라면 꼭 한번은 와봐야 하는 곳
역사 교육적인 장소로서도 최고"
5.0,2023-08-07,처음 경복궁 가봤는데 입장료도 무료에 풍경도 예뻐서 마음에 들었어요! 다음번에는 좀더 여유로울때 가서 세세하게 구경하고 싶어요
5.0,2023-06-29,"그냥 구경다니는 것보다 해설 들으며 다니는 게 더 재밌어요. 오전 10시, 오후 2시에 진행하는 수문장교대식도 볼만했고요. 경복궁 내부에는 식수대가 없으니 꼭 물을 챙겨가야해요."
5.0,2023-06-14,서울에서 경복궁은 꼭 가봐야 함. 다만 근방에 음식점이 없음. 미리 찾아 볼 것
5.0,2023-06-06,외국잉칭구 사귀기도 좋아요
5.0,2023-05-28,"올해만도 세번째
장고 열릴 때 처음이라 더욱 좋았다
아무리 가도 좋다
우측의 근현대사거리
자주 봐도 추억 새록
인쇄소자리가 교실로 
교실자리가 목욕탕으로
또한
다방은 커피 제공이 되어 구웃~"
5.0,2023-05-22,야간개장 했을 때 들렸는데 너무 분위기 좋았어요
5.0,2023-05-03,날씨 좋을 때 꼭 가보세요~!
5.0,2023-04-27,"2023년4월27일 목요일 평일인데 
외국인,관광객이 많다."
5.0,2023-03-30,나들이
5.0,2023-02-17,Nice palace
5.0,2022-08-21,"해설과 함께 둘러보시는걸 추천합니다
가을에 또 올거에요"
5.0,2026-07-21,경복궁 너무이쁘구용 한복대여하면 무료니까 꼭 한번쯤은 한복대야하세용 추천하께엽 그리고 뷰가너무 좋차느아아!짱입니닷 감샤해용
5.0,2026-07-16,경복궁!
5.0,2026-06-08,"야간개장으로 다녀왔습니다!
낮과는 또 다른 분위기와 단아한 화려함이 돋보여서 좋았습니다!
제미나이한테 장소에 대한 설명과 여기에 얽힌 재미있는 이야기를 들려달라고 부탁하며 여기저기 다니니, 금방 해가 지고 조명이 밝아지더라구요 ㅎㅎ
확실히 외국인도 많고 한국인도 많고 그냥 사람이 많습니다😂 전파가 안터졌었어요 ㅋㅋㅋ"
5.0,2026-06-07,3천원으로 충분히 즐길수있음
5.0,2026-06-03,체험학습으로 감
5.0,2026-05-18,"한번 이상 다시 가보고 싶은 곳입니다.
한국은 역사가 살아 숨쉬는 곳 경복궁 꼭 가보세요~~"
5.0,2026-05-16,이게 한국이다
5.0,2026-05-16,"서울 5대 고궁 중에는, 제일 웅장하고 멋집니다. 오늘날의 '연회장'인 '경회루'를 배경으로 사진 찍으면, 인생사진을 건질 수 있어요.

※ 경복궁 1분 하이라이트 (10배속 쇼츠)
https://youtube.com/shorts/ntD21D-qHrQ?si=stjrIk_KD1Pi0S5N

조선 시대의 시작과 함께했던 조선왕조 제일의 법궁 이었지만, 14대 왕 '선조'때 임진왜란으로 소실되어, 무려 270여년 후인 26대 왕이자 초대 대한제국 황제였던 '고종'때 비로소 복구가 시작 되었습니다. (일제강점기 때, 일제에 의해 대부분 철거되는 아픈 역사가 또...)

※ 초고속 입장 TIP
최근 외국인 여행객 급증에 입구 들어가는 줄이 어마어마하게 긴 데, 동쪽 <국립민속박물관> 쪽으로 들어가면 바로 들어갈 수 있습니다. (경복궁 정문에서 약 10~15분 걸어가야 됨)

경회루 특별관람은 미리 예약 하셔야 해요.
(매주 화요일, 법정공휴일, 7월 휴무
https://royal.khs.go.kr/ROYAL/contents/R601000000.do?schGroupCode=gbg&schGroupCodeNm=%EA%B2%BD%EB%B3%B5%EA%B6%81)

※ 근처 가볼만한 곳
서쪽방향 : 토속촌 삼계탕,
도량 (넷플릭스 ""흑백요리사"" 동파육 맛집)
오쁘띠베르 (""흑백요리사"" 디저트 카페)
동쪽방향 : 국립현대미술관, 북촌 한옥마을
남쪽 : 광화문 광장, 덕수궁
남동쪽 : 청계천, 인사동 ('열린송현 녹지광장' 들렸다가면, 동선이 딱 맞음. 좀 더 가면 요즘 핫한 익선동 거리)"
5.0,2026-05-11,"- 경복궁
- 주소 : 서울시 종로구 사직로 161
- 입장료 : 3,000원 / 한복 착용 시 무료
- 주차 : 세종로 공영 주차장 추천
- 관람 시간
1월~2월, 11월~12월 09:00~17:00 (입장마감 16:00)
3월~5월, 9월~10월 09:00~18:00 (입장마감 17:00)
6월~8월 09:00~18:30 (입장마감 17:30)
매주 화요일 휴무

방문 꿀팁
✔ 한복을 입으면 무료 입장이에요.
경복궁뿐만 아니라 5대궁 전체에서
한복 착용 시 무료 입장이 가능해요.
✔ 수문장 교대식은 15분 전에 자리를 잡으세요.
오전 10시·오후 2시 교대의식은 인기가 높아서
시작 직전에 도착하면 좋은 자리를 잡기 어려워요.
✔ 향원정까지 꼭 걸어가 보세요.
입구 근정전만 보고 나오면
경복궁의 절반도 못 즐긴 거예요.

#종로경복궁 #서울관광지도 #역사공부 #전통문화체험 #짤진이"
5.0,2026-05-06,날씨 좋을때 가면 너무 좋고 시설도 잘 되있어서 좋음!!!!!♥️
4.0,2026-04-01,"대한민국 수도의 중심이었던 곳. 화려한 장식과 수려한 궁들이 즐비한 이곳. 가끔 노을 보며 구경하면 최고입니다. 이번에 코로나땜에 야간 개장이 중단됬을진 모르겠는 데 시간되면 가보고 싶은 곳.

솔찍히 조선 왕조의 왕궁인니까 5점 드립니다 ㅎㅎ

아 요즘 중국인들 너무 많아서 별점 깎음 ㅉ"
4.0,2026-03-29,좋아요!!
5.0,2026-03-15,냥~!
5.0,2026-03-01,경북궁이 좋은 장소입니다.
5.0,2026-02-14,우연히 교대의식을 볼 수 있었습니다
5.0,2026-01-30,"Cheap tickets (free if you go wearing a hanbok traditional outfit), very very big field.

Went during the guards changing ceremony during 14pm.

Definitely worth a visit"
4.0,2026-01-17,"조선왕조의 역사가 살아있고, 조선 500년 역사를 알아볼 수 있던것 같습니다.
야경도 좋아요"
5.0,2025-12-09,"경복궁
경복의뜻ㅡ새 왕조가 큰 복을 누려 번영할것
1395년(1대 태조4년) 창건
     남문(사정문)ㅡ동문ㅡ서문  창건
1426년(4대 세종8년) 광화문,건춘문,영추문 호칭
1592년(14대 선조25년) 임진왜란으로 소실
1865년(26대 고종2년) 중건시작 2년공사후완공
   임진왜란때 소실후 270여년후 복구한것
1873년(고종10년) 건청궁 건축
1895년(고종 32년) 을미사변ㅡ건청궁 옥호루
1910년 경술국치후 훼손시작
1915년 조선물산공진회 개최 빌미로 전각철거
     한일병합 5주년행사로 근대화발전 이라는 식민통치의 결과물 선전수단으로 농산물 광산물 공산품 교육 위생 토목 미술품등 조선의 물산을 전시함
1926년 일제강점기 조선총독부 청사건축
1990년 복원공사시작
1995년 조선총독부 청사 철거 2년소요"
5.0,2025-12-09,단풍이 물든 경복궁은 산책하기 좋아요
5.0,2025-11-30,뷰가 아주 좋고 시설도 좋다.
5.0,2025-11-26,For  Our beloved Free Korea 🇰🇷 내란은 없었다 🇰🇷쭝궈런 아웃 멸공
5.0,2025-11-22,"한국인보다 외국인이 왜 더 많을까?
우리나라에 있는 데인데
🐧🐧🐧🐧🐧🐧🐧"
5.0,2025-11-16,"[국가유산방문코스] 
왕가의 길 2
94p / 경복궁(88번)
입장료가 있습니다. 

도장은 경복궁 안쪽에 있는 카페 사랑(sarang)에 있습니다. 

서울과 수도권에서 만나는 대한민국 역사 여행
경복궁입니다.

경복궁은 유네스코에서 지정하는 '세계유산'은 아니지만, 우리나라 국가유산청에서 지정하고 관리하는 매우 중요한 국가유산입니다.

🇰🇷 경복궁이 국가유산으로 지정된 이유 (사적 제117호)
경복궁은 그 역사적 중요성과 가치를 인정받아 사적(史蹟) 제117호로 지정되어 국가의 보호를 받고 있습니다. 여기서 '사적'은 기념이 될 만한 유적, 즉 역사적으로나 학술적으로 가치가 큰 장소입니다.

경복궁은 조선 왕조의 500년 역사와 이념, 건축 기술이 집약된 가장 중요하고 상징적인 장소이기 때문이죠.

날씨가 좋아 외국인들과 관광객들이 매우 많습니다.

경복궁에 관한 재미있는 이야기들이 많은데 책도 있으니 읽어보시고 눈으로 직접 찾는 재미도 느껴보시길 바랍니다!"
5.0,2025-11-15,한국 방문 행사로 무료 입장했지만 돈주고라도 또 오고 싶네요.
5.0,2025-11-11,안 쪽이 아주 예뻐요!! 경복궁 가을은 첨 와봤는데 단풍 궁궐이 참 아름다워요. 사계절 다 와보고 싶어요😍
5.0,2025-11-07,A lovely place to visit and dress up in a 한복.
4.0,2025-11-01,"좋은시민의식 좋아요 😀 
산책로 좋아요"
5.0,2025-10-31,"올해 여름 운이 좋게 별빛야행과 야간 개장 다녀 옴.
경복궁은 계절마다 주야간 모두 가봐야 함.
오늘은 추석연휴 무료개장이라지만, 관람객이 이렇게 많은건 처음 봄. 내외국인 입장줄이 광화문에서 홍례문까지임. 나올 때도 줄 서서 기다려야 할 정도. 그럼에도 날이 너무 좋아서인지 모든 사람들이 기분좋게 사진찍는 듯."
5.0,2025-10-31,날씨가 좋아서 완벽한날
5.0,2025-10-26,"유정화 변호사는 김건희 경복궁 근정전 어좌 착석 논란과 관련 사진 유포자가 누구인지 알고 있다면서 악의적인 사진 유출을 멈추라고 경고

ㅋㅋㅋㅋㅋㅋㅋㅋㅋㅋㅋㅋㅋㅋㅋ"
5.0,2025-10-19,"비오는날 경복궁은 최고입니다 ❤️
 처마밑에서 비똑똑 떨어지는 소리 들어보세요 
경치가 최고에요 👍🏻"
5.0,2025-10-18,경치 좋은 곳
5.0,2025-10-12,"도심 내 궁의.야경은 어떤 느낌일까?
나름의 조화에 감탄하는 하루~"
5.0,2025-10-11,"서울의 대표적 관광지.
우리나라의 대표적 관광지.
설명할 필요없다. 500년 조선의 법궁 격식에 맞게 잘 지어졌다. 조선의 건국으로 축조, 왜란때의 아픔으로 소실, 흥선대원군이 다시 복구했으며 개항기때는 한반도 최초로 전등이 설치되었고 일제강점기때는 민족의 치욕과 같은 총독부가 설치.. 광복후 중앙청으로 쓰이다 허물고 우리나라가 발전하고 재건되듯이 이 경복궁도 복구 중이다. 현대에는 광화문 광장서 우리가 정치적-민주적인 뜻을 표현하는 곳이기도 하다.  어쩌면 이곳이 우리 민족의 흐름과 축이 아닐까. 꼭 한 번은 와봐야하는 곳."
4.0,2025-10-09,"went during Chuseok, and admission was free. very crowded. the walkways weren't very stroller friendly (large uneven stone road), but they do have accessible ramps

would love to come back at night"
5.0,2025-10-06,"Been there 4 times, I guess it speaks for itself.  I'm sure there will be 5th and 6th and so on.."
5.0,2025-10-05,👏🏻👏🏻👍🏻
5.0,2025-10-04,"야간 개장했을때 몇 년전 핸드폰으로 찍었던 사진들이네요.. 상시 야간 개장을 했으면 좋겠습니다..
이 좋고 멋진 곳을 6시에 종료라뇨…"
5.0,2025-09-27,"매일보지만
조선왕들은 별로 안좋아했다지만
아직 여기가 한국 일등 관광지"
5.0,2025-09-26,"야간관람 후기
금요일 저녁 7시 좀 넘어서 입장했는데 사람 너무 많아서 기빨림 ㅜㅜ
풍경은 아름답지만 사람 너무 많아서 사진 찍기도 애매함
그리고 이 왕과 왕비 등 사진 같이 찍는 거 순식간에 마감됨 바로 줄설 것을 추천함
최애 스팟 경회루"
5.0,2025-09-25,야간개장 강추
5.0,2025-09-13,케데헌 때문인지 외국인들이 많아요 암튼 예뻐요
5.0,2025-08-24,좋아요.
5.0,2025-08-24,"입장료 3천원
일요일이라 그런지 대부분 외국인이네요.
근정전과 경회루가 멋집니다."
5.0,2025-08-06,굿굿  진짜 경복궁은 언제가도 최고인것같아요 광화문 경복궁 청와대까지 즐거운 투어였습니다
5.0,2025-08-01,서울에 처음 왔다면 필수코스
5.0,2025-07-28,"경복궁 별빛야행 
인생에 꼭 한 번은 가보면 좋을 경험입니다"
3.0,2025-07-24,"조선의 첫 궁궐이자 서울의 대표 명소 경복궁은 사계절마다 특별한 매력을 전합니다. 1395년 태조 이성계가 건립한 이 궁궐은 북악산을 배경으로 웅장한 근정전과 아름다운 경회루가 어우러진 곳입니다. 한복을 입으면 무료 입장도 가능해 사진 명소로 인기가 많습니다. 봄의 벚꽃, 가을 단풍, 겨울의 눈 풍경까지 자연과 조화로운 광경을 즐길 수 있어요.

수백 년간 화재와 임진왜란, 일제강점기를 겪으며 꾸준히 복원된 덕분에 전통 한옥 건축미와 자연이 잘 어울립니다. 근정전, 사정전, 강녕전 등 주요 전각과 경회루 주변이 방문객에게 특히 사랑받는 곳입니다.

경복궁 근처에는 국립고궁박물관과 국립민속박물관이 있어 역사 공부와 관광을 함께 할 수 있습니다. 광화문광장, 인사동과 연결된 산책 코스로도 좋아 평일 오전에 한적하게 방문하기에 안성맞춤입니다. 경복궁은 서울 여행 필수 코스이며 한국 전통과 현대가 어우러진 특별한 공간입니다.


경복궁과 광화문은 조선의 시작과수많은 격변을 고스란히 품은 서울의 대표 관광명소예요. 1395년 창건된 경복궁은 임진왜란, 일제강점기를 거쳐 꾸준히 복원됐고, 궁궐의 정문인 광화문은 역사적 의미와 현대적 감각이 어우러진 공간이죠. 웅장한 궁궐 건축과 수문장 교대식, 한복 체험, 사계절마다 달라지는 자연풍경에 누구나 감탄해요. 광화문광장은 시민들에게 열린 쉼터, 서울의 필수 포토 스팟이기도 해요.

경복궁 역사적 사실
1395년 태조 이성계가 한성(서울) 천도와 함께 첫 법궁(정궁)으로 창건했어요.

1592년 임진왜란 때 크게 소실되어 한동안 창덕궁이 주궁 역할을 했어요.

1867년 고종 때 흥선대원군 주도로 대대적으로 중건되어 웅장한 모습 되찾았죠.

일제강점기~해방 후엔 많은 전각이 철거됐지만, 1990년대 이후 본격 복원 사업으로 원래 모습에 가까워지고 있어요.

북악산을 등지고 광화문 앞으로 육조거리가 펼쳐지는 도심 속 ‘역사와 조경의 조화’를 느낄 수 있습니다.

광화문 역사적 사실
경복궁의 정문으로, 1426년(세종 8년) 공식 명칭이 붙여졌으며 ‘광화’는 군주의 덕이 널리 퍼진다는 의미예요.

일제강점기 총독부 청사 건립과 한국전쟁, 여러 시대의 변화 속에서 해체–복원을 반복했어요.

2010년 고증을 거쳐 원래의 자리에 목재구조로 복원되면서, 서울의 역사적 상징이자 소통의 공간으로 재탄생했죠.

인기 후기 & 인상적인 포인트
“경복궁은 한국의 아름다움과 역사가 공존하는 곳. 전통 의상을 입고 사진을 찍으면 마치 조선시대에 와있는 듯해요. 경회루 연못 경치는 정말 사진 찍기 좋아서 인생샷 건질 수 있었어요!”

“수문장 교대식은 아이와 가족 모두에게 인기 많은 퍼포먼스. 박진감 넘치고 한국문화를 체험할 수 있는 특별한 경험이에요.”

“광화문광장은 시민공원으로 자리잡아 걷기, 산책, 휴식 모두 좋아요. 행사, 문화공연도 자주 열려서 방문 때마다 새로운 추억이 생겨요. 넓고 개선된 보행 환경에 만족하는 방문객이 많아요.”

“가을엔 단풍, 겨울엔 눈과 함께 경복궁, 광화문 풍경이 서울 포토존으로 환상적이에요. 해질 무렵 조명 아래 궁궐 풍경이 특히 인생 포인트!”

경복궁, 광화문 방문 추천 포인트
한복 착용 시 경복궁 무료 입장 가능(포토 스팟 필수)

오전엔 한적한 궁궐 산책을, 수문장 교대식 이벤트 시간엔 전통문화를 직접 체험!

광화문광장 산책, 이순신 장군 동상과 분수, 벤치, 예술 조형물에 들러보세요.

인근에 국립고궁박물관, 국립민속박물관 등 볼거리도 많아요.

유구한 역사와 현대적인 활기가 만나는 경복궁과 광화문, 잊을 수 없는 감동을 직접 느껴보세요!"
5.0,2025-06-30,엄마와 오랜만에 데이트했어요.  해설분님 따라다니면서 너무 좋은 시간이 되었습니다
5.0,2025-06-20,경복궁 수문장 교대식👍
5.0,2025-06-17,"조선의 정궁.
태조 이성계가 지은 후 임진왜란 때 불타 없어졌으며,이후 흥선대원군이 다시 중건하였다.이후 일제 시대 일부 철거를 거쳐 현재 복원 중에 있다.서울 도심을 대표하는 랜드마크이자 고즈넉한 옛 정취를 느낄 수 있는 공간이다."
5.0,2025-06-12,"서울 다섯궁궐중 하나인 경복궁

경복궁은 조선의 법궁이다. 조선건국때 최초로 한양에 생겨난 궁궐이다. 이후 임진왜란때 경복궁이 화재로인하여 타버리고, 쭉 폐허로남았있었다.
그후 고종이 왕이돼고 흥선대원군이 왕실의권위를 나타내기위해 많은인력과 많은 돈을 투입하여 경복궁을 재건시켰다.

사진스팟
1.광화문
ㆍ월대기준 오른쪽(의정부 터 잔디)
ㆍ월대부터 광화문까지 정면
2.근정전
ㆍ근정문 가운데 문사이로 정면
ㆍ근정전 행각 모서리
3.경회루
ㆍ경회루 문 사이로
ㆍ경회루 정면
ㆍ경회루 정면기준 오른쪽 모서리(향원정가는길)
4.자유
ㆍ경복궁은 그냥 아무데나 찍어도 멋있습니다!"
5.0,2025-06-06,서울 여행 필수 코스 인정합니다. 진짜 멋있고 커서 보는 재미가 있네요.
4.0,2025-05-31,"아니 진짜 시설도 좋고 풍경도 너~~무 좋긴 한데 바닥에 벌레 들이 막 들끓고 있어서 너무 놀랐어요;; 제발 벌레들만 없애주신다면 완벽해서 별점 5점 드리겠습니다. 🌟 그래도 별점 4점이니
Amazing ✨️👍"
5.0,2025-05-25,"주말 주차는 못한다 생각허세요...
경복궁 참 좋습니다 입장료는 인당 3,000원!"
5.0,2025-05-23,근위대
5.0,2025-05-19,한국하면 역시 궁이죠! 수문장 교대의식도 너무 멋지고 웅장했어요
5.0,2025-05-18,조선시대 왕국으로 고대건축기술을 볼수 있는 곳입니다.
5.0,2025-05-13,자꾸 나도 모르게 국뽕이 차오르게되는곳
4.0,2025-05-08,"⭐️⭐️⭐️⭐️…
여기…가볼만해요…👍…"
5.0,2025-05-06,며칠전에 여기로 수학여행 갔다왔는데 좋았습니다!
5.0,2025-04-29,"도심속에 위치한 경복궁은 언제나 걷기 좋은 공간입니다.
이 아름다운 곳에서 비참한 최후를 맞이했던 이들의 원혼~

곤녕합
Gonnyeonghap Hall
곤녕합은 명성황후가 일상 생활공간으로 사용하던 건물로 1895년 10월 8일 명성황후가 일본인 자객에 의해 시해된 을미사변이 일어난 곳이기도 하다.
7년간 왕실 의사로서 왕비를 모신 미국인 앨러스 뱅커(Anie Billers Bunker) 여사는 명성황후에 대해 성품이 부드럽고 친절하며 조선여성의 미를 갖춘 미인이라고 회상하였다.
1895년 2월 청일전쟁 이후, 일본이 만주까지 침략하자 조선 왕실은 러시아와 손을 잡고 일본을 국내에서 철수시키려 하였다. 이에 일본 군부는 왕실을 압박하는 비상사태를 만들기 위해 10월 8일 새벽에 민간인 복장을 한 일본 장교들이 건달들을 끌고 건청궁에 난입하여 왕비를 시해하였다. 폭도들은 왕비의 시신을 건청궁 동쪽 언덕 녹산 자락에서 태우고 남은 피를 그 자리에 묻었다. 이후 왕실에서 이를 거두어 경운궁(현 덕수궁)에 시신을 안치하고 국장을 지냈다."
5.0,2025-03-25,"You can never get tired of Gyeongbokgung Palace. You can hire some traditional clothing, get some photos done or just enjoy the site. 

We usually revisit the palace on each trip back to Korea. It is really a must see location for those who have never been here before or even been here. 

The price of entry is so cheap that won't even hurt your pocket change. 

Enjoy the serenity of the site. Definitely two thumbs up 👍👍."
1.0,2025-03-15,"윤석열 때문에 클랐네 이거 
제발 3호선 에서는 조용히
우리아들 10세 얼굴 맞았단 말야ㅠㅠ"
5.0,2025-03-15,넓은 주차장에 항상 주차하기가 힘들어요. 한여름을 제외하면 어느 시간 어느 계절에 가도 도심 속 색다른 분위기를 느낄 수 있어요. 복원 공사는 오래 걸려도 좋으니 제대로 됐으면 좋겠네요.
4.0,2025-03-03,봄이나 가을에 가면 좋을 거 같네요 저는 여름에 갔기 때문에 너무 힘들었네요
5.0,2025-03-02,"Respect the palace and rule. tourists! 
Don’t go inside fence when there is the fence. 
Fence is not just an exterior design. It means don’t go inside. Trees inside fence area are not for your  photogenic shoot. Girls! 🫵

You know what? Majority of cheap 한복 rental thing is not our traditional design 😉 Too mixed asian look costumplay feeling to call 한복."
4.0,2025-02-17,문화재가 너무 잘 보존되어 있어요!
5.0,2025-02-01,"너무 좋은 서울의 랜드마크
또 가고싶다

야간개장은 참 이뻤음"
5.0,2025-01-30,조선의 법궁
5.0,2024-12-22,최고 역시 대한민국
4.0,2024-12-03,"The Gyeongbokgung Palace is huge and you can walk around the grounds freely, taking in the sights.
There is an entrance fee but if you rent a Hanbok nearby, you will gain access for free."
5.0,2024-11-17,"조선왕조 개국 4년째인 1395년테초 4에 처음으로 세운 으뜸 궁궐이다. :하늘이 내린 큰 복""이라는 뜻으로 경복궁했페법이라 이름 지었다.
북악산을 주산으로, 목덕산(지금의 남산)을 안산으로 삼아 풍수지리적인 터잡기에서도 한양의 중심을 차지했다. 정문인 광화문 남쪽으로
관청가인 육조거리(지금의 세종로)를 조성하고, 그연장선 위에 근정전, 사정전, 강녕전 등 주요한 궁궐건물들을 .일컬로 놓아, 왕조국가인
조선의 상징 축으로 삼았다.


임진왜란으로 완전히 불타 없어진 후, 1610년 제 2의 궁궐인 창덕궁은 제건하였으나 경복궁은 270년 이상 폐허로 남게 되었다. 1867년고종4에
비로소 왕조 중흥의 큰 업적을 이루기 위해 조선의 법궁인 경복궁을 중건하였다. 691,921m의 광활한 대지에 약 500여동의 건물들을
건립하였으며 조선 왕실의 전통과 현실을 조화시켜 전체적으로는 규칙적 배치를 따르면서 부분적인 변화를 가미하였다. 중건된 경복궁은
정무공간을 중심부에 두고, 좌우 뒤편으로 왕족의 생활공간, 그리고 곳곳에 정원시설들이 배치되어 하나의 작은 도시를 이루었다.
일제강접기에 대부분의 건물들이 철거되어 중심부의 일부 건물들만 남았고, 광화문을 비롯한 외전 일부를 혈어내고 조선총독부 청사를
지어 궁궐의 정면을 막기도 했다. 190년부터 복원사업이 꾸준히 진행되어, 총독부 청사를 철거하고 그 자리에 원래의 흥례문과 행각을
복원했고, 왕과 왕비의 침전 및 왕세자가 기거한 동궁을 비롯하여 궁궐의 정문인 광화문도 다시 복원하여 경복궁의 원래의 모습을 회복
중이다."
5.0,2024-11-16,언제 가도 좋은 곳
5.0,2024-11-14,"24.11.13/경복궁방문 은행나무 정말멋집니다
십장생굴뚝 앞 청소하는 삼성 사람들은
더 멋집니다 역쉬💖💖"
5.0,2024-11-10,"2045년까지 계획으로 여전히 재건중인 조선시대의 법궁
■ 오늘의 관람경로 
광화문~흥례문~영제교~근정문~근정전 (계조당, 자선당)~사정전~강녕전(내소주방, 외소주방)~교태전~아미산굴뚝~자경전~흥복전~집경당,함화당~(취향교)향원정~건청궁(장안당, 곤녕합, 복수당)~집옥재(팔우당, 협길당)~신무문~태원전일원~경회루~수정전~영추문~용성문

□ 다양한 한복으로 갈아입고 즐겁게 관람하는 각 나라의 외국인들이 오히려 더 주인같은 느낌의 경복궁
》입장료 3,000원 / 주차비 유료"
5.0,2024-11-07,"1-4사진 24.11.07 / 5-9 사진 23.02.27

가을에는 처음 가봤는데 새로운 느낌이었습니다 멋진 풍경이어요 .. ჱ̒ ｰ̀֊ｰ́ )"
5.0,2024-10-22,밤에보는경복궁 멋있어요.
5.0,2024-10-06,우리나라의 대표적인 궁궐~그리고 경복궁이 얼른 완전히 복원이 됐으면 좋겠습니다😀
5.0,2024-10-06,아주 좋아요❤️
5.0,2024-09-18,경복궁은 더이상의 설명이 필요 없는  곳이지요
4.0,2024-09-14,"조선 건국이래 임진왜란때 한번 다 태워먹고
구한말 백성들 고혈을 짜 재건했건만 일제에 또 다시 훼손돼 현재는 10%정도밖에 복원되지 못해 웅장한 위엄이 사라져버린 비운의 궁궐.
그래도 경회루, 향원정같은 아름다운 정자와 주변 자연과 사뭇 어우러지게 건축된 아름다운 모습은 자랑스런 우리 역사의 보물임엔 틀림 없다.
명절때마다 무료로 개방해 주셔서 감사 🙂"
4.0,2024-09-08,근정전과 버드나무의 조화가 너무나도 예쁘고 멋있었어요
5.0,2024-08-26,아이와 방문하기 좋아요
5.0,2024-08-22,역시 언제나 와도 멋지다
5.0,2024-08-03,"여름엔 뜨거운 볕에 걸어다니기 힘들지만
볼거리도 많고 갈때마다 눈이 즐거운 곳인거 같습니다:)"
5.0,2024-07-18,조선왕조 500년에 향기가 느껴졌다 정말 좋았다나들이
5.0,2024-06-30,와 뷰 지렷따ㄷㄷㄷㄷㄷ
4.0,2024-06-15,민속박물관 쪽으로도 입장했는데 공사로 막힘. 홈페이지에 미리 공지해주지. 어르신들 힘드심.
5.0,2024-06-05,한복입은사람도많고 구경하기좋아요~ 기념품 귀염뾰쨕
5.0,2024-05-08,랜드마크 건설
5.0,2024-05-05,대한민국 대표 궁궐. 향원정의 아름다움은 단연코 으뜸. 봄이나 가을에 오면 경복궁의 진면목을 느껴볼 수 있습니다.
5.0,2024-04-27,"한국을 대표하는 궁궐로, 중국과 일본보다 더 빠르게 한국에 전기가 처음으로 들어온 곳이기도 하지만, 일본의 침략으로 명성왕후께서 잔인하게 시해를 당한 가슴아픈 역사가 있는 장소이기도 합니다."
5.0,2024-03-22,나만의 공간 경복궁
5.0,2024-02-17,나들이 벚꽃명소 단풍명소
5.0,2024-02-13,경회루를 감상하니 멋있어요
5.0,2024-02-10,오랜만에 가족들과 명절에 들렸어요~ 사람이 엄청 많았지만 가족사진도 찍고 근처에서 맛있는 간식도 먹고 즐거운 시간 보냈네요~
5.0,2024-02-09,"산책하기 좋음
예쁨"
5.0,2024-02-09,너무 자랑스럽고 멋집니다.
4.0,2024-01-28,사람들도 많고 더워서 지하에 있는 커피숍도 갈 만 했어요. 그리고 경복궁 참 예쁘고요. 좋았어요. 다시 한번 가 봐도 괜찮을 것 같아요.
5.0,2024-01-05,너무 아름답고 옛 선조의 지혜로 지어진 아름다운 건물입니다
4.0,2023-12-28,"사극 세계에 있는 기분이 돼요. 
한복을 입고 들어갔기 때문에 입장료는 무료였습니다.

2022.9.19"
5.0,2023-11-25,"서울에 산다면, 사계절을 눈에 담고 싶은. 예쁘지 않은 계절이 하나도 없는 그런 곳입니다♡"
5.0,2023-11-24,언제가든 멋있는 곳
5.0,2023-11-16,나들이
5.0,2023-11-10,"14세기 궁전인 경복궁은 모든 한국 시민과 관광객이 평생에 한 번은 봐야 할 명소입니다. 알아야 할 사항은 다음과 같습니다:
I. 서비스
경복궁의 입장은 무료입니다. 입구 외부에는 신발에서 땅에 묻은 먼지와 이물질을 제거하기 위한 압축 공기 호스가 있습니다.
II. 품질
이 랜드마크는 매우 잘 유지되고 있습니다. 경회루는 두 층으로 구성되어 있으며 인공 연못으로 둘러싸여 있습니다. 낮이나 밤에 관람할 가치가 있는 아름다운 곳입니다.
IV. 수용 인원
낮의 중간, 어떤 날이든 궁전이 가장 혼잡한 때로 보입니다. 많은 사람들이 여기에 전통 의상을 입고 오는 것을 알 수 있습니다. 관광 그룹은 매우 크고 흔한 것 같습니다.

A 14th century palace everyone must see in their lifetime, whether they're a Korean citizen or tourist. 
Things you should know:
I. SERVICE 
The entry of Gyeongbokgong Palace is free. Outside of the entryway you'll notice pressurized air hoses to help remove dust and debris off your shoes from the dirt covered walkways within the grounds. 
II. QUALITY
The landmark is very well maintained. Gyeonghoeru is two stories and surrounded by a man-made pond. It's beautiful and worth seeing night or day. 
IV. CAPACITY 
The middle of the day, anytime of the week, seems to be when the palace is most crowded. You'll notice a lot of people come here dressed in traditional clothes. Tourist groups seem to be extremely large and common."
4.0,2023-10-31,나들이
5.0,2023-10-28,"So nice 우리의 자랑 경복궁
영원했으면"
4.0,2023-10-25,"매달 마지막 수요일, 무료입장이라 다녀왔어요
완전 전체 노랑은 아니였지만 무르익고 있음을 느낍니다
다른 궁에 비해 면적은 넓은데 효율적이지 못함이 아쉽습니다
휑한 궁전은 사막같거든요, 많은 조성이 되었으면 좋겠습니다"
3.0,2023-10-24,나들이
5.0,2023-10-18,굿굿굿 👍
5.0,2023-10-09,분위기 있고 탁트여서 산책하기 좋습니다.
5.0,2023-10-02,경치가 너무 좋았습니다^^
5.0,2023-09-24,인생샷 건짐😄
5.0,2023-09-20,아름답고 분위기 있어요!
5.0,2023-09-20,정말 위엄이 느껴지는곳이였어요! 원래 훨씬 더 큰 궁궐이였지만 일본에 의하 이만한 크기로 줄어든것이 정말 안타깝네요ㅠㅠ 원래크기였다면 얼마나 더 웅장했을지 ㅠㅠ 한창 더울때가서 무척 덥기는 했지만 관광도 외국인들도 많이보여 한국인으로써 굉장히 뿌듯했습니다! 살면서 한번은 꼭 가봐야할곳이에요!
4.0,2023-09-18,"For one person, only 3 000won 
I really enjoyed the view 😁 beautiful monuments"
4.0,2023-09-15,가을바람솔솔부는날가까운산책코스
5.0,2023-08-28,"경복궁은 1395년 태조 이성계에 의해서 새로운 조선왕조의 법궁으로 지어졌다. 경복궁은 동궐(창덕궁)이나 서궐(경희궁)에 비해 위치가 북쪽에 있어 ''북궐''이라 불리기도 했다. 

경복궁은 5대 궁궐 가운데 으뜸의 규모와 건축미를 자랑한다. 경복궁 근정전에서 즉위식을 가진 왕들을 보면 제2대 정종, 제4대 세종, 제6대 단종, 제7대 세조, 제9대 성종, 제11대 중종, 제13대 명종 등이다."
5.0,2023-08-27,"찜통이긴 하지만 예뻤던 경복궁~♡♡
가을에 하늘이 파래서 더 예쁘게 찍힐것 같아 추천합니다. ㅎㅎ"
5.0,2023-08-23,오전 10시 쯤에 갔을 땐 어떤 행사 하더라고요? 태평소 불고 북치고 ㅎㅎ 나중에 올 땐 그 때 쯤에 와야할듯. 여름이라 제대로 보지도 못하고 경회루도 예약 안하면 못들어가서 아쉬웠음!
5.0,2023-08-18,"무료 설명을 해주고
문화재가 많다"
5.0,2023-08-12,굿이요 수문장교대식 추천합니다
5.0,2023-08-06,"한복입고 가면 입장료 무료~
나들이 겸 한복입고 경복궁 가보고싶었는데 포토존 넘 좋았어요"
4.0,2023-08-05,"I come with my friends but this not first time, maybe i will come again"
5.0,2023-07-27,"아름답고 고즈넉한 곳♡♡♡♡♡
가까이 살면 자주 가고 싶네요
갈 때마다 다른 정취를 느낄 수 있어요~!"
4.0,2023-07-25,사람도 북적하고 근처 돌아다닐 곳도 많음
5.0,2023-07-23,진짜 커서 다 못봄 대단하다
5.0,2023-06-28,볼 것은 많지만 다리가 아프다. 그래도 뷰는 좋다.
5.0,2023-05-29,"경복궁하면 경회류와 향원정은
말로 표현할 수 없어요 너무 멋짐
계절마다 분위기가 고풍스럽고
아름다워요 ㅋㅋㅋ 너무 좋아
경회루도 인터넷 예약 해보세요"
5.0,2023-05-24,경복궁은 언제가도 구경하기좋고 또가고싶은곳
5.0,2023-05-22,너무 예쁘고 좋았어요
5.0,2023-05-14,사족과 갔지만 몇분 후에 비가 내려 구경을 많이 못해서 아쉽지만 사진은 건졌다#포토존
5.0,2023-05-10,"문과 창 사이로 비치는 햇빛, 단청과 나무의 오래된 색감."
5.0,2023-05-09,너무 아름다워요
5.0,2023-05-06,아름답고 옛날 느낌 나고 넓어서 좋음
5.0,2023-05-05,경복궁 넓고 구경할것도 많고 이뻐요
5.0,2023-05-03,말이 필요없는 곳이죠. 시간날 때마다 가고 싶은 곳입니다.
5.0,2023-05-03,언제가도 아름다운 경복궁! 궁중문화축제중이라 다양한 볼거리도 있어 좋았습니다 👍
5.0,2023-04-24,야간 개장 너무 이쁘게 잘 보고 나왔습니다!
5.0,2023-03-23,좋아요!
5.0,2022-09-11,"서울에 이런 곳이 있다니 최고네요!!!

또 가도 또 좋은 곳"
5.0,2022-08-29,대한민국 원탑 관광지
5.0,2022-05-29,"경복궁 10년?만에 방문&야간개장 첫 방문
우리나라 궁은 역시나 아름답네요~
토요일에 갔더니 인파가 장난 아녔던 기억이ㅎㅎㅎ"
5.0,2022-05-02,야간개장 굿
5.0,2022-04-25,언제가도 좋은 경복궁 :)
5.0,2022-04-16,정말 웅장하고 멋져요!
4.0,2022-04-08,왜 야간관람을 상시화 하지 않는지?
5.0,2022-03-05,"역시 대한민국 우리나라!!!!
너무 웅장하고 깨끗하고 멋있어요~~♡"
5.0,2022-03-01,서울 맛집입니다 봄에 오는거 추천요
5.0,2022-02-24,밤에도 아름답네요
5.0,2022-01-30,대충 둘러봤지만 생각보다 넓어서 한시간 반정도 걸렸음.
5.0,2022-01-22,"눈이 오면 꼭 기볼만한 곳 입니다
모두가 행복해지는 시간"
5.0,2021-12-19,"아이가 걷지를 않아요!^^
최애 놀이터. .

산책하다 보면 
내가 왕이로소이다. ."
5.0,2021-10-24,very interesting place to visit and see here in Seoul city I love it to much
3.0,2021-10-06,주말에도 가족같이 산책도하고 좋은추억에 남으면 좋아하겠어요 병때문에 힘내시고 우리모두가 화이팅입니다 힘내시길
5.0,2021-05-09,"일년..  365일..사시사철..
봄,여름,가을,겨울
1/4~4/4분기 그 어느때 가도 좋은곳!
아 참 쪄 죽는 한 여름은 빼자!

초록이 짙터 그 짙음에 지쳐
단풍 드는 가을에도..

그 단풍이 싫어 온통 하얗게 덮어
짓눌러 버리는
겨울에도..

그 못된 횡포에도 사부작 사부작 움터
알록달록 울긋불긋 돋아나
물이 오르는 봄에도,.

행여나 그 귀한 봄이 피어 올린
울긋불긋함이 사라질까
쨍한 땡볕과 흠뻑한 비를 주는 여름에도..

왕조의 흥망성쇠를 오롯히 기억 하는 그곳
백성을 버리고 도망간 군주와
버려진 백성에 의해 한때 버려진 그곳..경복궁!

비록 왕조의 큰 복을 빌어 이루지는 못했지만
그 백성들의 후손이 어렵게 세우고
굳건히 지켜 지금을 이어온 대한민국 우리나라!

군자만년 개이경복!
천년만년 이어지길..!"
5.0,2020-12-17,경복궁은 그냥 이쁘고 멋있어요
5.0,2020-12-02,멋짐
5.0,2020-11-19,"경복궁도 몇년만에 가보는거고 야간개장은 처음이었는데 너무 좋았어요. 궁궐도 정말 아름답고 조명도 은은하면서 그윽한게 확실히 운치가 있네요. 
코로나로 국내의 이곳저곳을 많이 다녀보면서 느낀 점은 우리나라도 참 멋지고 흥미로운 문화유산이 많다는 것 같아요.. 내년에 또 가고 싶네요♥️"
5.0,2020-11-15,산책하기 넘 좋은곳 이쁘다
5.0,2020-10-30,.
5.0,2020-08-12,북악산 인왕산의 멋진 모습을 감상할 수 있어 더 좋은 곳.
2.0,2020-02-27,경회루 바라보는 벤치 앞에 화장품 샘플 반쯤 묻혀져 있음. 청소는 좀 하세요. 아마 문화재청에서 싸게 용역계약 했나보네. 인건비 줄일라고 청소하는 사람 없앴나 봄. 그리고  오후 4시부터는 안에 있는 사람들 빨리 내 보낼려고 관리용역들이 발악을 함 아예 웬만한 건물안엔 들어가지 말라고 막음. 아니그럼 오후4시에 발권하고 들어온 사람은 뭐 되겠음!! ?? 3천원 상납하고 그냥 나오는거임? 5시까지가 관람시간이면 근정전문은 5시에 닫아야 안되냐고 이건 뭐 조폭 양아지냐 3시넘으면 발권하지마라 어디서 뒤통수치면서 이런 사기로 돈을 버냐
5.0,2019-11-08,"너무 좋았음..
5시에 퇴장..이 좀 아쉬움"
1.0,2019-10-13,무료인 사람이 누군지 표 끊고 안에 들어가면 명시해놓은 안내장을 넣어놓고는 키오스크에는 무료라고 적어놓지도 않고 5시에 문닫고 닫힌 문 바깥(열렸을때는 안보였음)쪽에 명시한게 드디어 보임 ㅋㅋㅋㅋㅋㅋㅋㅋ 환불도 안된다니..삼천원가지고 왜그러냐 할수 있는데 삼천원도 환불이 안되는것도 웃김 ㅋㅋ 명시 제대로 안해놓고 다 명시를 해놨다니ㅋㅋ..
5.0,2019-01-19,한국전통을 간직한 관광지
4.0,2016-09-05,16.09.04
5.0,2026-07-19,복원이 더딘 것이 아쉬움
5.0,2026-07-06,너무 멋지고 아름다워서 좋아요.
5.0,2026-06-14,봄에 예뻐요
5.0,2026-05-29,좋아요
5.0,2026-05-29,멋진사진을 많이찍었다
5.0,2026-05-25,몇년전만해도  한복을 입은 관광객은  2프로도 안됐었는데  이제는  한복은 입지 않은 관광객을 찾는것이 더 빠르겠다는 생각이...그만큼 한국을 찾는 외국인들도 많고 한복을 입고  당당히 다니는 한국인들도 있고  사람보는 재미도 있고   경복궁은 매년 한번은 꼭 들르는 곳이네요   구석구석 돌다보면 운동도 되고  올때마다 아름답구나  생각도 들구요
5.0,2026-05-24,역시 우리 문화유산 짱짱짱!
5.0,2026-05-21,"Expansive, colorful palace connected to Line 3, with gardens at the back, and the National Folk Museum a few steps away."
5.0,2026-05-18,"☆☆☆☆☆ 3시간 이상 거리에서도 방문 가능
☆☆☆☆ 3시간 이내 거리에서 방문 가능
☆☆☆ 대안이 없을 때 방문 가능
☆☆ 웬만하면 방문 금지
☆ 위생, 친절 등의 문제"
5.0,2026-05-17,더웠는데도 넘 좋았어욥
5.0,2026-05-16,"캬, 역시 조선의 수도 한양답게 정말 뷰티풀한 한옥 궁채의 멋짐! 설마 안가본 사람은 없죠?"
5.0,2026-05-15,"더웠는데도 계속 보고싶을만큼 알찬구경이었어요!!❤️
다음에또가구싶ㄷㅏ.."
4.0,2026-05-15,운영시간은 6시까지지만 5시 30분이면 쫒아내요.. 근데 문제인건 모든 사람한테 그렇지는 않더라고요. 일부 사람들을 먼저 나가라고 하는 건 뭘까요?관리인들이 불친절하지만 그래도 우리나라 궁이라 별4개 줍니다. 이유없이 째려보거나 빨리 나가라고 윽박지르는 사람들이 관리해도 되는 걸까요? 외국인들이 많이 방문하는 곳인만큼 관리인들의 마인드나 응대가 중요하다고 생각해요. 서비스 교육이 많이 필요해보여요
4.0,2026-04-19,"경회루 관람이 수목금토일인데 왜 수요일과 금요일만 예약 가능한가요?? 10:00, 오후 2:00, 오후 4:00 인데 왜 10시와 두 시만 예약 가능한가요? 외국인 위주의 관광은 이제 그만해야 하지 않나요? 입장료도 외국인에게 관광세를 물려서 더 비싸게 책정해야 할 판에 왜 한국의 궁을 외국인들이 더 편하게 자주 관람할 수 있는 건지요?"
5.0,2026-04-03,more
5.0,2026-03-22,멋지고 자랑스러워요
5.0,2026-03-21,Bts
4.0,2026-03-21,주차 좋음 500년세월
5.0,2026-03-19,친언니부대견학으로한번놀러온곳인데너무좋았다
5.0,2026-02-23,경복궁 입장료 올려야함  3000원은 너무 싸서 외국인 관광객들이 궁에 대한 존중도 없이 근정전 창호지 손가락으로 다 뚫어놓고 시끄럽게 소리나 지름 시장보다 더 정신없음
5.0,2026-02-18,좋아요
5.0,2026-02-14,친구들이랑 자주가는데 진짜 갈 때마다 할 것도 많고 볼것도 많아서 재밌었음.
5.0,2026-02-08,조선의 법궁중 하나. 1592년 임진왜란때 불탔으나 흥선대원군때 중건해서 우리가 지금보고있는 경복궁의 모습이 됌. 조선의 정취와 조선왕조의 발자취를 잘 느낄수 있어서 정말 좋음
1.0,2026-02-04,ㅕ부
5.0,2026-02-01,한국적인 곳 ㅎㅎ
5.0,2026-01-16,시간 맞춰서 진행되는 무료 문화재 설명을 들으며(이게 무료라니 충격적임) 한곳 한곳 눈길을 머물다 보면 저절로 가슴이 웅장해지며 우리나라 문화 유산에 대한 사랑이 물씬 솟아오름. 입장료가... 너무 싸다!!! 이번에 듣자하니 프랑스 무슨 루브르랑 샹보르 성 입장료 외국인한텐 6만원 ㅎ 정도로 올린다던데... 이 귀한 곳을 너무 저렴하게 관람 가능하게 개방하는 건 아닌지...
5.0,2026-01-11,산책하기 좋아요 또가고싶당
1.0,2026-01-08,"망한 나라 헬조선 에  
궁은 많이도 만들었노"
5.0,2026-01-06,"경복궁777번째후기 달성축하합니다 ㅋㅋㅋㅋ
갈때마다 느낌이 새로운 경복궁이네요."
5.0,2025-12-27,어린이는 무료라 재밌게놀았어요
5.0,2025-12-09,여긴그냥 최고임
5.0,2025-11-21,중국인들 제발 그만와... 멸공🇰🇷
5.0,2025-11-18,우리나라 요즘 엄청 유명해지긴했나봐요. 주말에 외국인분들 예전보다 엄청 많아진거 같아요.
5.0,2025-11-17,너무 아름답고 멋진 곳이나 마루에 앉아있고 신발 신고 올라가는 외국인들의 행동을 제지할 수 있는 인원은 없다는 점이 아쉬웠음 그래도 국가문화유산인데....
5.0,2025-11-15,그녀와의추억이남아있는곳
5.0,2025-11-11,"놀기 좋아요, 밤에 가면 야경도 굳"
5.0,2025-11-09,아기다리고기다리던경복궁을 간다
5.0,2025-11-05,"너무좋아용♡♡♡
역사와 문화가 고스란히 남아있는 것 같애요^^♡~"
3.0,2025-11-05,산책하기 좋은데 그저 그럼
4.0,2025-10-29,경회루 예약제에요
5.0,2025-10-25,"입장료 좀 올리세요
외국인들한테 좀"
5.0,2025-10-24,해설사님의 강의를 통해 놓치기 쉬운 비하인드 스토리를 함께 할 수 있어 너무 좋았어요
5.0,2025-10-12,"King Palace, it’s very beautiful everybody must be go"
4.0,2025-10-11,"웅장 그 자체 👍 

사람이 많은게 함정"
5.0,2025-10-08,늘 가고 싶은 곳
5.0,2025-08-28,좋았습니다
5.0,2025-08-28,👍
5.0,2025-07-31,서울에 오면 1번은 꼭 가야한다.😀
5.0,2025-06-29,야간 개장할때 다녀오시면 환상입니다
3.0,2025-06-23,역사적 가치는 좋은데 입장료를 무료로 풀면
5.0,2025-06-03,언제 가더라도 항상 웅장하고 아름다운 곳
5.0,2025-05-28,날좋은날 가면 이쁨
4.0,2025-05-21,"제가 가장 좋아하는 경복궁의 모습은 다양한 나라의 방문객들이 사진을 찍으며 행복해하는 모습을 볼 수 있다는 점입니다. 더하여 한국에 남아있는 조선의 옛 모습을 간접적으로 체험할 수 있고, 이 곳이 주는 공간적•심미적 가치를 높이 평가하고 싶습니다."
5.0,2025-05-06,"경복궁의 설계 시공자는 김사행입니다.  고려말기 공민왕 때부터 대형 공사의 주역이었지만, 공민왕 사후에는 왕의 측근이었다는 이유로 노비가 되는 우여곡절을 겪기도 했습니다.  조선 왕조가 들어서자 태조의 눈에 들어 경복궁 공사를 총괄했고, 내시 신분이었지만 개국공신으로까지 추대되었습니다. 다만 방석과 연결이 있어 방원(태조)이 주도한 왕자의 난 때 간신으로 몰려 죽었습니다. 처형 후 '조선 삼군부 건물에 잘린 그의 목이 걸렸다'는 기록이 조선왕조실록에 남아 있습니다. 이런 사연으로 인해  궁궐의 이름을 지었던 정도전의 업적만 남게 되어 그의 수고는 커녕 이름조차 널리 알려져 있지 않습니다.. 
자세한 내용:
https://cafe.daum.net/mj13h/QnS6/12432   R."
5.0,2025-04-28,"아이들과 함께 하기 좋았어요
내부에서 체험참여도 가능하고 행사도 많으니 시간 가는지 모를정도로 볼거리가 많아요"
5.0,2025-04-15,고궁느낌 지대로 나고 학생시절때 수학여행온 느낌나서 좋음
5.0,2025-04-15,참아름답고  우리대한민국 역사의장소 이며 잘보존하고싶은곳 입니다.
3.0,2025-03-23,행사같은 거 아에 아무것도 안할때는 그냥 딱히 재밌지 않음
5.0,2025-03-09,경복궁은 지은것은 정도전의 노력입니다
4.0,2025-02-28,"밥먹고 산책하고 외국인 구경하는 곳인가 싶네
한번쯤 다 가봤을텐데 눈 덮힌 겨울이 제일 이쁠거 같다
늘상 보던 모습이 평범해서 시즌별로 노려볼만"
5.0,2025-02-26,GOOOOD
5.0,2025-02-25,야간개장 ㄹㅈㄷ
5.0,2025-02-21,갈 때마다 특변한 시간을 보내고 오는 장소입니다
5.0,2025-01-30,한복 입는거 꿀잼이당
5.0,2025-01-13,great palace with beautiful park
5.0,2024-12-25,조선시대의 궁궐 중 하나로 임진왜란 때 불탄 경복궁을 흥선대원군이 재건하였지요
5.0,2024-12-09,항상 좋은 관리환경
5.0,2024-11-29,도심 내 최고
5.0,2024-11-25,예쁨
5.0,2024-11-14,정문반대담쪽 뒷담으로 나가는문이 있는데 나가시면 바로 청와대로 연결되어서 거기까지  돌아볼수 있어요
5.0,2024-11-06,좋앙랏야ㅑㄹ터턋탸애ㅐ애ㅛ😛😙🤗😙😜🤗😜🥲🤗🤩🥲🤗😍😚🤩😚🤩
5.0,2024-10-29,"볼거리가 많고, 외국 친구와 함께 방문해도 좋다."
5.0,2024-10-01,🇰🇷
5.0,2024-09-29,야간개장을 처음 다녀왔는데 너무 아름다운 추억이 되었다 언젠가 다시 방문하고 싶어지는 공간
5.0,2024-09-27,"9/17 방문
사람이 너무 많았지만 오랜만에 경복궁 가니 좋앗ㅅ음
낮에 한번. 밤에 한번 갔는데 같은 장소 다른 느낌 굿
야간개장도 하는 것 같았는데. 다음에 가볼 수 있길"
5.0,2024-09-07,경치도 좋고 안에서 공연도 하고 한복 입으면 무료입장이라 좋아요. 가족 나들이 하기도 좋고 데이트 하기도 좋은 것 같아요. 옆에 있는 박물관도 재밌었어요.
4.0,2024-09-06,"한번쯤 가볼만한 곳....
자주 갈곳은 아닌듯..."
5.0,2024-08-11,우리나라에서 제일 아름다운 곳!
5.0,2024-08-09,급진파 신진사대부 정도전이 건설의 총책임을 맡았던 경복궁
3.0,2024-08-02,인스타용 아니면 가지마삼 볼거는 없고 ㄹㅇ 사진찍는용임 외국인들이 절반이었음
5.0,2024-07-16,사람많지만 워낙넓고 개방감있어서 바람쐬기 좋아요 이쁜한복까지 빌려입고 즐겼어요 ㅎㅎ
5.0,2024-07-16,멀리나가지 않고도 서울중심에 이렇게 아름다운곳이 있다니 참 좋아요 💕
5.0,2024-07-07,밤이 멋진! 아침또한 멋진! 감성이 풍부한 나의 마음속 보물
5.0,2024-06-29,뷰와산책~~가끔씩다녀옴 고궁과능을좋아해서그런지 올때마다 마음과영혼이 구름위에서노니는거같음
5.0,2024-06-10,멋지고 아름다운 우리 나라 궁궐인데 주말은 관광객이 너무 많고 더울 때는 그늘과 벤치가 부족해 돌아보기 힘드네요
1.0,2024-05-26,○○○○
5.0,2024-05-26,좋아요
5.0,2024-05-21,단풍명소
5.0,2024-05-20,우리나라의 궁전이고 웅장하다
5.0,2024-05-09,나들이 벚꽃명소 굿!! 최고에요!!
5.0,2024-05-01,경북궁이 이렇게 아름다운 곳인지 나이먹어서 알게됐네요. 사람들이 이렇게 많을 줄도 몰랐습니다;;;
5.0,2024-04-30,두말하면 입아픈!! 언제나 종종 가는 곳
5.0,2024-03-23,다시 가고 싶어요~~^^
4.0,2024-03-18,갈때마다 좋네. 카페가 더 필요
5.0,2024-03-13,나들이
5.0,2024-03-09,한국 문화재 1등 설명끝
5.0,2024-03-08,전통한복은 아니어도 예쁜 한복을 입은 사람들이 많아서 기분이 좋아진다
3.0,2024-03-01,야경 굿
4.0,2024-03-01,맛있고 분위기 좋고 아주 좋아요
5.0,2024-02-22,한국의 멋이 느껴지는 멋있는 곳
5.0,2024-01-23,"작년 가을, 아내와 딸과 함께 방문했었어요.
아내와 데이트할 때도 빌려 입지않았던 한복을 
부쩍 큰 딸이 입어봤네요~ㅎㅎ 이곳 저곳 거닐며 사진도 많이 찍고 두런두런 얘기도 하고 좋은 추억 만들고 온 곳이라 올해 봄이나 비슷한 시기에 또 방문할 예정입니다."
5.0,2024-01-23,도심속에 있는 궁 가볼만 해요
5.0,2024-01-15,🇰🇷우리나라 대표하는 경북궁 맨날와도 멋있는 곳🇰🇷
4.0,2024-01-13,날씨더좋을때가기
5.0,2023-12-23,풍경 예뻐요!
4.0,2023-12-15,화장실은 냄새 좀 나요.. 한번쯤 구경하기 좋습니다
5.0,2023-12-14,우리나라의 명실상부 랜드마크
5.0,2023-12-05,조선시대의 풍경을 정말 잘 담아낸 것 같아요!
5.0,2023-11-30,아주 조아요^^
5.0,2023-11-24,여기는 언제와도 좋아
5.0,2023-11-19,넘 좋네용
5.0,2023-11-09,"여름방학 때 갔는데 여름말고 가을에 가세요.
너무 더운 것 빼곤 좋았어요."
5.0,2023-11-05,한복입고 돌아다녔어요. 도서관못가서 아쉬워요 4시까지인줄 모르고.. 단풍명소 포토존 나들이 !!!
5.0,2023-10-31,"밖에서 보는것 보다 훨신 넓었고, 단풍이 드니 전체적으로 예뻤다."
5.0,2023-10-15,"자주 가는데 갈때마다 좋아요
아름답습니다"
5.0,2023-10-14,"너무 예쁘고
다른 건물들도 다 복원되기를 바랍니다!"
5.0,2023-10-09,우리나라 대표 역사를 상징하는 건물
5.0,2023-10-06,포토존
5.0,2023-10-05,우리나라 문화유산중에 최고인거 같아요
1.0,2023-10-03,너무 사람이 많아요
4.0,2023-09-27,한복입고 가면 즐거움 2배
5.0,2023-09-15,꾸준히 인기있는 명소 중의 명소
5.0,2023-09-14,"처음 가본 경복궁야간개장
설래는 마음으로 입장. 많이 어두운 건 그 시절의 느낌을 살린건지  궁금함.
수원화성 야간개장보다 많이 어두움."
4.0,2023-09-05,말해무엇할까요 한창더울때가서 조카 한복입은 모습을 못본게 한이지요ㅜ
4.0,2023-08-14,서울 구경 오면 무조건 와야하는 곳
5.0,2023-08-10,서울구경오면 필수
5.0,2023-08-08,말해서뭐해
5.0,2023-08-01,"It’s no brainer! It’s a must visit place even if it’s crowded. Get into the spirit and rent a hanbok. I recommend stopping by a hanbok (Korean traditional outfit) place (many around/outside the palace) and rent a hanbok for 2 hours. Hanbok rental is more than the entry ticket price, however, entry fee is waved if wearing a hanbok = entry free. My family rented hanbok and made all our pictures super cool and fun. It’s an experience, so I highly encourage it. There are so many others walking around in hanbok, so you won’t be the only one."
5.0,2023-08-01,우리네역사를 생각해볼수있는 하루엿씀니다
5.0,2023-07-31,Fantastic!!
5.0,2023-07-29,말이 필요 없죠~!~!
5.0,2023-07-23,휴일에 좀 목상하고나 쉬러 가는것이 좋다.
5.0,2023-07-09,"아.....내돈
태정태세문단세예성연중인명선광인효현숙영정순"
5.0,2023-07-03,말 할 필요가 있나?
5.0,2023-07-01,"일단 경치 레전드  심지어 밤되면 아예 폭발수준임
얘는 버스보다는 3호선 타고 가면 🐶꿀 임
어쨌든 추천"
5.0,2023-06-29,이거지
5.0,2023-06-16,회사 점심 회식으로 자주 가는 곳
5.0,2023-06-05,애들 좋아라고 특히 이든이 너무 좋았음
5.0,2023-05-31,"낮은 낮대로, 밤은 밤대로 아름다운 조선의 대표적인 왕궁으로 외국인과 내국인 관광객이 모두 많은 곳입니다. 과거를 상상하며 걸으며 둘러보기 좋은 곳이에요."
5.0,2023-05-27,조선의 명실상부한 정궁
5.0,2023-05-25,우리나라의 최고의 궁~~~
5.0,2023-05-17,여기에 조선 총독부가 있었데요
5.0,2023-05-12,역시나 미워할 수 없는 경복궁
5.0,2023-05-05,국뽕이 차오른다~~
5.0,2023-05-04,포토존
5.0,2023-05-03,최고!!
5.0,2023-05-03,고궁박물관은 입장료 무료
5.0,2023-01-26,고궁의 웅장함에 압도되는 기분
5.0,2023-01-02,"창덕궁과는 다르게 더 옛날 모습과 근대의 느낌이 같이 공존하는 곳 같습니다.
광화문부터 일직선으로 배치되어있는 건물들이 멋있습니다. 뒤쪽에 경회루 경치도 멋지구요."
5.0,2022-12-22,"조선의 법궁으로 5대궁궐 중 가장 웅장하고, 권위적으로 보이는 것이 인상적이다. 특히 경회루의 풍경은 매우 우수하다."
2.0,2022-10-08,경복궁은 항상 가보고 싶던 곳이라 좋았어요 근데 매표소에서 제일 왼쪽에서 입장료 결제하는 여자분 때문에 들어가기전부터 기분이 안좋았네요 아기 있는건 깜빡하고 어른 인원수만 얘기했다가 바로 애기도 있다고 얘기했는데 인상쓰며 총인원수를 제대로 얘기하라며 짜증내더군요 많은 사람 대하느라 힘든것도 알겠고 친절은 바라지 않지만 짜증섞인 말투로 대하는건 아니지 않나요
5.0,2022-09-26,"임진왜란 소실. 
고종 흥선대원군 복원.
일제시대 훼손."
5.0,2022-09-15,경복궁 체험하기 날씨 좋아요^^
5.0,2022-07-29,"굉장히 넓어서 놀랐습니다! 산책하기 딱 좋고, 야경은 더 예쁩니다!"
5.0,2022-07-22,최고
1.0,2022-07-16,"차 가져가지마세요 차가져가시려거든 근처 다른곳에 주차하세요
40분 줄서서 기다리다 들여보내줘서
들어갔는데 자리없더군요 
그렇게 자리없나 20분 헤매고있는중에 나중에 들어온 차 줄서기 잘해서 먼저 주차하는거보고 혈압올라서 그냥 나왔습니다 욕이 목구멍까지 차오르는데 
참겠습니다"
5.0,2022-07-04,언제나 좋다.야경이 더 좋네..
5.0,2022-06-14,좋아요.
5.0,2022-05-11,국뽕
5.0,2022-05-06,경회루
5.0,2022-04-12,국뽕에 차오름니다
5.0,2022-03-27,좋아요
5.0,2022-03-19,"별 1개 친일파, 친중파"
5.0,2022-03-14,꽃피면 더 생각나는곳
5.0,2022-03-03,경회루가 좋았어요
5.0,2022-01-02,세번 네번 다섯번 들러도 항상 새롭고 우리나라만의 전통적인 매력을 뽐내주는 공간이네요. 한국 문화의 소중함을 깨닫게 해주는 궁궐
5.0,2021-12-18,이뻐요 너무 데이트코스 짱 추천.
5.0,2021-11-21,어릴때 와보고 다시 와보는데 정말 좋네요 야간개장했을때 경회루 정말 예뻐요
5.0,2021-10-03,조와용 호호
5.0,2021-09-24,우리 민족의 문화유산
5.0,2021-06-28,너무나도 아름다운 우리의 문화유산
5.0,2021-06-01,좋아요
5.0,2021-04-24,대한민국 최고의 관광명소~~
5.0,2021-04-15,좋아요
5.0,2021-02-25,좋아요
4.0,2021-02-22,경회루가 특히 아름답습니다!
5.0,2021-02-16,경복궁 복원이 빨리 진행되길 기원합니다.
5.0,2021-02-15,근정전 볼만함
5.0,2021-02-03,최고
5.0,2021-01-27,최고예요
5.0,2021-01-16,무료개방 좋아여 광화문 거리 지나가다 심심하면 한 번씩 올 수 있네요
3.0,2021-01-15,가볼만함
5.0,2021-01-12,설명없는 별하나들 친일이지? ㅋ ♩♪♪들
1.0,2021-01-06,"들어 가지 마시오란 문구만 기억에 많다. 어서와 한국은 처음이지의 스위스친구들처럼 모르는 물건들이 덩그러니. 설명도 없고 깨끗해서 청소 할 필요도 없는데 관리비는 어디 지출이 되는건지. 장급들을 없애고 행사를 많이 보여 주든가 휑한 건물만 들여다보고 재미가 없다. 디테일한 설명서든
(들어가세요! 해보세요!)가 많았으면 좋겠다. 영어 헤드셋, 한글헤드셋을 쓰고 장소마다 센서가 있어 가거나 보기만해도 설명이 자동으로 나왔으면 한다."
5.0,2020-12-13,예쁘고 좋아요.
5.0,2020-12-02,ɢᴏᴏᴅ
5.0,2020-08-16,Really good place
5.0,2020-08-03,너무  아름다워요
5.0,2020-08-03,아름답다
5.0,2020-08-03,궁이 아름답다
4.0,2020-08-03,궁이 아름답다
4.0,2020-05-03,사진찍기도 좋구요. 주변에 화장실이 없어서 경복궁 입장권 끊고 화장실 간적도 있습니다..
5.0,2020-02-21,쵝오
5.0,2020-02-11,자금성보다 훨씬 멋있고 아담한 맛이 있다
5.0,2020-01-25,대한민국의 첫 궁궐은 아닙니다만;;
4.0,2019-11-10,"한옥을 좋아하지만, 전쟁한번 못해보고 나라를 통째로 빼앗긴 왕조를 생각하면 어처구니가 없어서 별점 하나 깎음."
5.0,2019-09-01,"갈 때마다 가슴 벅차고 좋아요.
광화문이 너무 이쁘네요"
5.0,2019-08-28,우리의 문화는 이렇게 아름답다. 갈때마다 가슴 벅찬 기분. 사랑합니다.
5.0,2019-08-20,킹갓 경복궁
5.0,2019-07-21,좋아요
5.0,2019-05-16,"지려따리 왕노름 서울 한양 도읍 도성 사대문 안에 살면 정말 부자인기라. 평생의 소원이지만 현실은 충북 청주시 서원구 사직2동 전세 1,700만 원 만 조 깠다이기일원론 주성치 저우싱츠냐 승츠비냐 18"
5.0,2018-12-26,"박물관 전시회 다니는것을 좋아하합니다
아주 최고네요  ~"
4.0,2018-11-30,그나마 관리가 좀 되는곳
5.0,2018-11-07,"1. 광화문에서 근정전에 이르는 길이 일직선 상에 놓여있어 경직된 느낌을 주지만 나름대로의 근엄함을 유지함
2. 광화문과 경회루등을 비롯한 궁궐의 다양한 전각과 담들이 조화롭게 배치되어 있으며 조선의 아름다움을 볼 수 있어 좋음
3. 궁궐이 생각보다 넓어 전부 다 둘러보려면 꽤 시간이 걸리고 피곤할 수도 있기 때문에 꼭 들러봐야할 곳을 미리 정해놓으면 좋음"
5.0,2018-07-29,어릴때 온곳..
5.0,2018-06-16,"A must visit place! Many great spots to see, and it's also near many attractions."
5.0,2018-06-11,일본에는 없은 것이 있는 멋있는 왕궁!!
4.0,2018-01-14,위대한 유산.
4.0,2016-06-23,"야간개장할때
가고프네.."
5.0,2016-05-26,대한민국  최초의  궁궐ㅋ
5.0,2026-06-20,"모든학교에서 진행했던 궁궐 달빛동행- 창경궁 프로그램에 참여하고 아이들도 어른들도 너무 만족해서 경복궁 프로그램을 신청했어요. 역시나 이번에도 대만족이었네요.
담당 강사님께서 하루전에 친절하게 약속장소와 준비물에 대해 안내해주셔서 쉽게 수업 준비 및 강사님과 만날 수 있었고, 그날의 더운 날씨에 맞춘 그늘 코스를 찾아 주시는 강사님의 센스와 아이들의 눈높이에 맞춘 설명과 수업 시간이 지났음에도 끝까지 설명해주시고 질문에 응답해주시는 강사님의 열정에 너무 감사하고 유익했던 시간이었습니다."
5.0,2026-06-14,해설사님도 경복궁도 정말 좋았습니다. 다음에 또 기회가 되면 다른 궁도 예약하려고 합니다. 아이들과 부모님 모두에게 좋은 추억이 됐습니다.
5.0,2026-06-01,너무너무 유익했습니다!!!  황용천선생님 아이들이 흥미가질수 있게 퀴즈도 내시고 재밌는 역사이야기도 해주시고 더운데 고생많으셨어요~~! 담엔 덕수궁도 신청하려구여^^ 담에 또 뵙겠습니다!!
5.0,2026-06-01,"우선적으로 설명해주시는 선생님
날이 덥고 햇빛이 강한데도
힘든 내색없이 끝까지 밝은모습으로
설명해주셔서 감사했어요.
경복궁은 아이들이 크면
꼭 데리고 가고싶던곳이였고
역사 관심이 1도없는 꼬맹이들인데
선생님 질문에 대답도 해볼려고 하고
참 좋은시간이였어요.
가을이오면 또 한번 방문할려구요."
5.0,2026-05-24,초3 아이와 아빠가 다녀왔는데 굉장히 만족도가 높아서 돌아왔습니다 선생님께서 설명을 잘해주셨고 목소리도 이해도가 높은톤이라고 하더라구요 너무 잘다녀와서 다음에 또 가고싶다고합니다
5.0,2026-05-21,"작년에 덕수궁 야간 동행에 이어 두번째로 이번에는 경복궁 체험학습을 다녀왔어요~덕수궁이 너무 좋았어서 다시 신청했어요. 날씨는 비록 더웠지만 아이들은 한살씩 더 먹어서 설명에 대한 이해도도 높았고, 한복입은 외국인들도 많았기에 아이들이 외국인도  한국에 오면 꼭 들르는 중요한 곳이라는 인식에 더 신기해하면서 집중했던 것 같아요.저도 역사 잘은 모르지만 조선시대 역사는 너무 좋아하기에 선생님 질문에 하나라도 더 대답하려고 하면서 따라다녔던 것 같아요. 몰랐던 용어들도 많이 알게되었어요. 부시, 잡상, 일월오봉도,중전등등..중전마마가 중궁전 마마의 줄임말?인줄은 여태 몰랐네요.  아이들이랑 집에가면서 서로 퀴즈내면서 복습했답니다. 참, 사정전의 다른 말은 편전인데 여기서 제가 편자가 무슨 편자인지 여쭤봤는데 붓?편 이라고 하셨는데 찾아보니 편할 편자네요.혹시 저와같이 질문하실 다른분들을 위해 참고해주시면 좋을 것 같습니다. 그리고 늦게 오신 분이 계셨는데 (결국 안오셨지만)초반에 두번정도 그 분이랑 소통하고자 좀 진행이 지연됐던 점은 아쉬웠습니다. 이제 창경궁,창덕궁 남았네요. 다음 도장깨기 기대됩니다 :)"
5.0,2026-05-21,초등학교4학년아이와 방문했어요. 우리가 알지 못했던 역사 이야기와 우리나라의 아름다운 건축물을 배경으로 많은 추억을 남기고 왔습니다. 초등학생 자녀 있으신분들께 강추합니다~
5.0,2026-05-18,선생님도 친절하시고~디테일한 설명까지 잘 해주셨어요.가족사진까지 열심히 찍어주시는 모습~감동이였답니다.더운날씨에 고생 많으셨습니다:)
5.0,2026-05-18,날씨가 무더움에도 아이와 함께 너무 즐겁게 체험했어요- 황용천 선생님 진짜 너무 좋으셨어요- 이야기 해주시는것도 하나도 지루한거 없었고 아이들 세심하게 다 챙겨주시는 거 보고너무 감동이였답니다❤️아이와 좋은 추억 만들어 주셔서 감사합니다
5.0,2026-05-11,해설사 선생님이 설명도 잘해주셔서 많이 배우며 경복궁을 제대로 관람했습니다. 날씨 좋은날 너무 즐거웠던 경복궁 투어였습니다.
5.0,2026-05-11,"창경궁 창덕궁에 이어 경복궁도 참여했습니다
역사적 사실에 대한 설명을 함께 들으니 더 좋습니다"
5.0,2026-05-11,"캔디샘덕분에 경복궁을 잘 즐기고 왔습니다!
자세한 설명과 아이들 눈높이에 맞춘 이야기 너무 좋았습니다 ^^"
5.0,2026-05-03,"서울여행 첫코스 경복궁에 가서...아이들과 경복궁에대한 배경지식을 듣고 다니니 더 좋았습니다~~^^
그런데 도슨트시간을 수문장  교대식 아닌시간대로 하면 더 좋을듯 합니다....
다른사람들은 사진찍고하는데....설명듣느라 그 시간때는집중이 되지 않았습니다.."
5.0,2026-04-27,"초등3학년 아이와 다녀왔습니다. 날씨가 더웠지만 그늘자리를 잘 아시는 선생님을 따라 이동하다 앉아서 설명을 잘 들었습니다. 중간중간에 아이 눈높이에 맞는 퀴즈도 내주시고 어렵지 않은 설명으로, 2시간 꽉채운 동선이었는데도 힘들다는 생각이 하나도 안들었습니다. 다음에 또 기회가 되었으면 합니다."
5.0,2026-04-26,"박정원 선생님의 인솔로 100분간의 역사를 되짚어볼 수 있는 뜻깊은 시간이었습니다
아이들 역시 역사책 속에 있던 공간에서 실제 해설을 들으며 따라가는 시간이 뜻깊었다 하더군요^^
꽃가루 날리고 자외선 강한 날씨에 열정을 가지고 열심히 해주신 선생님 덕분에 좋은 시간이었습니다
감사합니다"
5.0,2026-04-23,"날씨도 덥고 관광객들도 많았지만, 선생님 설명이 귀에 쏙쏙들어왔고, 아이들 호응도 좋은건 당연했지만 역사를 까먹은 엄마에게도 큰 도움이 되었습니다. 관광객으로 북적거렸지만, 안전하고 조용한곳에서 인솔해주셔서 설명도 잘 들을수 있었어요. 다음에도 궁궐투어는 계속할거에요!"
5.0,2026-04-22,"아는 만큼 보인다!!
경복궁을 가보았지만 지금까지 간 경복궁은 뭐였나싶었습니다. 선생님 강의를 들으면서 다니니 모르고 지나쳤던 것들이 눈에 보이니 듣는 엄마들도 재밌었습니다.
아이들 눈높이에 맞춰서 실록 야사에 나오는 동물 이야기로 내용도 준비해 주시고 정말 알찬 수업이었습니다.

수원화성도 5월에 예약해놨는데 벌써부터 기대가 됩니다!!
수업 정말 감사했습니다!!"
5.0,2026-03-18,
4.0,2025-10-05,
5.0,2025-05-09,
5.0,2025-04-24,
5.0,2024-12-22,
5.0,2024-05-28,
5.0,2024-03-30,
5.0,2024-01-25,
5.0,2024-01-15,
5.0,2023-11-24,
5.0,2023-11-11,
5.0,2023-11-02,
5.0,2023-10-19,
5.0,2023-08-11,
5.0,2023-05-25,
5.0,2023-05-22,
5.0,2023-05-03,
5.0,2026-07-22,
5.0,2026-06-20,
5.0,2026-04-02,
3.0,2026-03-21,
5.0,2026-02-12,
5.0,2026-01-19,
5.0,2025-11-15,
5.0,2025-11-11,
4.0,2025-11-02,
5.0,2025-09-16,
5.0,2025-08-23,
4.0,2025-08-01,
5.0,2025-06-17,
5.0,2025-05-23,
5.0,2025-05-14,
5.0,2025-05-09,
5.0,2025-05-05,
5.0,2025-03-03,
5.0,2024-10-29,
5.0,2024-10-11,
5.0,2024-07-27,
5.0,2024-06-12,
5.0,2024-05-30,
5.0,2024-04-09,
5.0,2024-03-23,
5.0,2024-01-27,
5.0,2024-01-20,
5.0,2023-12-27,
5.0,2023-11-24,
5.0,2023-11-07,
5.0,2023-07-03,
